download,upload,ping
3977429.078911226,12514199.954801992,42.284
2755128.6915302402,20076524.968245246,42.538
1098267.6409656303,14416850.439292954,37.265
